date,ticker,year_high,year_low,prev_close,open,last_price,vwap,change,bid,offer,volume,value,percent_change,symbol,name,price,timestamp
27-03-26,ACCESS,46.64,16.2,46.62,46.62,41.95,46.62,0.0,,46.6,11,461.45,0.0,,,,
27-03-26,ADB,5.06,5.06,5.06,5.06,5.06,5.06,0.0,5.06,,0,0.0,0.0,,,,
27-03-26,AGA,37.0,37.0,37.0,37.0,37.0,37.0,0.0,40.7,,0,0.0,0.0,,,,
27-03-26,**ALW**,0.1,0.1,0.1,0.1,0.1,0.1,0.0,,,0,0.0,0.0,,,,
27-03-26,ASG,8.89,8.89,8.89,8.89,8.89,8.89,0.0,8.89,,0,0.0,0.0,,,,
27-03-26,ALLGH,6.55,6.12,6.52,6.52,6.57,6.55,0.03,,6.52,8438,55163.96,0.460122699,,,,
27-03-26,BOPP,100.0,55.82,100.0,100.0,100.0,100.0,0.0,100.0,109.99,1000,100000.0,0.0,,,,
27-03-26,CAL,0.94,0.61,0.71,0.71,0.71,0.71,0.0,,0.71,191162,135125.02,0.0,,,,
27-03-26,CLYD,0.9,0.46,0.99,0.99,0.99,0.99,0.0,0.99,,0,0.0,0.0,,,,
27-03-26,CMLT,0.14,0.14,0.14,0.14,0.14,0.14,0.0,0.15,,0,0.0,0.0,,,,
27-03-26,CPC,0.1,0.05,0.1,0.1,0.1,0.1,0.0,0.1,,1000,100.0,0.0,,,,
27-03-26,DASPHARMA,0.41,0.38,0.41,0.41,0.41,0.41,0.0,0.41,,1,0.41,0.0,,,,
27-03-26,EGH,57.0,25.0,50.0,50.0,49.5,50.0,0.0,,49.5,49,2425.5,0.0,,,,
27-03-26,EGL,12.16,3.48,12.0,12.0,11.8,12.0,0.0,,11.9,378,4460.4,0.0,,,,
27-03-26,ETI,2.82,0.76,1.8,1.8,1.62,1.66,-0.14,,1.79,39537,65787.76,-7.777777778,,,,
27-03-26,FML,16.35,8.0,13.35,13.35,13.35,13.35,0.0,,12.98,0,0.0,0.0,,,,
27-03-26,FAB,7.84,7.71,7.84,7.84,7.84,7.84,0.0,7.84,,0,0.0,0.0,,,,
27-03-26,GCB,52.0,20.11,37.08,37.08,33.38,33.38,-3.7,,33.38,5477,182822.26,-9.978425027,,,,
27-03-26,GGBL,16.5,6.6,15.94,15.94,15.94,15.94,0.0,,15.94,2269,36167.86,0.0,,,,
27-03-26,GOIL,7.86,2.96,7.67,7.67,7.88,7.86,0.19,7.86,,11361,89312.28,2.477183833,,,,
27-03-26,MAC,5.2,5.2,5.2,5.2,5.2,5.2,0.0,5.2,,0,0.0,0.0,,,,
27-03-26,MTNGH,6.53,4.2,5.39,5.39,5.3,5.03,-0.36,,5.33,13816222,69501204.36,-6.67903525,,,,
27-03-26,PBC**,0.02,0.02,0.02,0.02,0.02,0.02,0.0,,,0,0.0,0.0,,,,
27-03-26,RBGH,5.38,1.3,4.82,4.82,4.82,4.82,0.0,,5.0,0,0.0,0.0,,,,
27-03-26,SCB,79.41,29.22,71.47,71.47,71.47,71.47,0.0,,71.47,669,47813.43,0.0,,,,
31-03-26,,,,,,,,0.0,,,0,,,AADS,AADS,0.42,31-03-26 21:47
31-03-26,,,,,,,,0.0,,,34,,,ACCESS,Access Bank Ghana Plc,46.62,31-03-26 21:47
31-03-26,,,,,,,,0.0,,,0,,,ADB,Agricultural Development Bank,5.06,31-03-26 21:47
31-03-26,,,,,,,,0.0,,,0,,,AGA,AngloGold Ashanti Plc,37.0,31-03-26 21:47
31-03-26,,,,,,,,0.0,,,0,,,ALLGH,Atlantic Lithium Limited,6.55,31-03-26 21:47
31-03-26,,,,,,,,0.0,,,0,,,ASG,Asante Gold Corporation,8.89,31-03-26 21:47
31-03-26,,,,,,,,0.0,,,2849,,,BOPP,Benso Oil Palm Plantation Ltd,100.0,31-03-26 21:47
31-03-26,,,,,,,,0.0,,,167811,,,CAL,CalBank PLC,0.69,31-03-26 21:47
31-03-26,,,,,,,,0.0,,,200,,,CLYD,Clydestone (Ghana) Limited,0.99,31-03-26 21:47
31-03-26,,,,,,,,0.0,,,0,,,CMLT,Camelot Ghana Ltd,0.14,31-03-26 21:47
31-03-26,,,,,,,,0.01,,,13785,,,CPC,Cocoa Processing Company,0.11,31-03-26 21:47
31-03-26,,,,,,,,0.0,,,120,,,DASPHARMA,Dannex Ayrton Starwin Plc,0.41,31-03-26 21:47
31-03-26,,,,,,,,0.0,,,0,,,DIGICUT,DIGICUT,0.09,31-03-26 21:47
31-03-26,,,,,,,,0.0,,,645,,,EGH,Ecobank Ghana PLC,49.5,31-03-26 21:47
31-03-26,,,,,,,,-0.23,,,34345,,,EGL,Enterprise Group PLC,11.77,31-03-26 21:47
31-03-26,,,,,,,,-0.14,,,179058,,,ETI,Ecobank Transnational Inc,1.49,31-03-26 21:47
31-03-26,,,,,,,,0.0,,,0,,,FAB,FAB,7.84,31-03-26 21:47
31-03-26,,,,,,,,0.0,,,314,,,FML,Fan Milk Limited,12.98,31-03-26 21:47
31-03-26,,,,,,,,-2.99,,,233976,,,GCB,Ghana Commercial Bank Limited,27.06,31-03-26 21:47
31-03-26,,,,,,,,0.0,,,143,,,GGBL,Guinness Ghana Breweries Plc,15.94,31-03-26 21:47
31-03-26,,,,,,,,0.0,,,279,,,GLD,GLD,546.0,31-03-26 21:47
31-03-26,,,,,,,,-0.04,,,59153,,,GOIL,GOIL PLC,7.84,31-03-26 21:47
31-03-26,,,,,,,,0.0,,,0,,,HORDS,HORDS,0.1,31-03-26 21:47
31-03-26,,,,,,,,0.0,,,0,,,IIL,IIL,0.05,31-03-26 21:47
31-03-26,,,,,,,,0.0,,,0,,,MAC,Mega African Capital Limited,5.2,31-03-26 21:47
31-03-26,,,,,,,,0.0,,,0,,,MMH,MMH,0.1,31-03-26 21:47
31-03-26,,,,,,,,0.12,,,5425723,,,MTNGH,MTN Ghana,5.4,31-03-26 21:47
31-03-26,,,,,,,,0.0,,,4367,,,RBGH,Republic Bank (Ghana) PLC,4.71,31-03-26 21:47
31-03-26,,,,,,,,0.0,,,0,,,SAMBA,SAMBA,0.55,31-03-26 21:47
31-03-26,,,,,,,,-0.07,,,1671,,,SCB,Standard Chartered Bank Ghana Ltd,71.4,31-03-26 21:47
31-03-26,,,,,,,,0.0,,,0,,,SCBPREF,SCBPREF,0.9,31-03-26 21:47
31-03-26,,,,,,,,-0.04,,,369243,,,SIC,SIC Insurance Company Limited,3.3,31-03-26 21:47
31-03-26,,,,,,,,-0.18,,,23788,,,SOGEGH,Societe Generale Ghana Limited,6.49,31-03-26 21:47
31-03-26,,,,,,,,0.0,,,0,,,TBL,Trust Bank Limited (The Gambia),1.2,31-03-26 21:47
31-03-26,,,,,,,,0.0,,,3,,,TLW,Tullow Oil Plc,11.92,31-03-26 21:47
31-03-26,,,,,,,,0.0,,,4766,,,TOTAL,TotalEnergies Ghana PLC,34.64,31-03-26 21:47
31-03-26,,,,,,,,0.0,,,283,,,UNIL,Unilever Ghana PLC,28.46,31-03-26 21:47
01-04-26,,,,,,,,0.0,,,0,,,AADS,AADS,0.42,01-04-26 21:51
01-04-26,,,,,,,,0.0,,,54,,,ACCESS,Access Bank Ghana Plc,46.62,01-04-26 21:51
01-04-26,,,,,,,,0.0,,,0,,,ADB,Agricultural Development Bank,5.06,01-04-26 21:51
01-04-26,,,,,,,,0.0,,,0,,,AGA,AngloGold Ashanti Plc,37.0,01-04-26 21:51
01-04-26,,,,,,,,0.0,,,0,,,ALLGH,Atlantic Lithium Limited,6.55,01-04-26 21:51
01-04-26,,,,,,,,0.0,,,0,,,ASG,Asante Gold Corporation,8.89,01-04-26 21:51
01-04-26,,,,,,,,0.0,,,7016,,,BOPP,Benso Oil Palm Plantation Ltd,100.0,01-04-26 21:51
01-04-26,,,,,,,,0.01,,,103336,,,CAL,CalBank PLC,0.7,01-04-26 21:51
01-04-26,,,,,,,,0.09,,,1000,,,CLYD,Clydestone (Ghana) Limited,1.08,01-04-26 21:51
01-04-26,,,,,,,,0.0,,,0,,,CMLT,Camelot Ghana Ltd,0.14,01-04-26 21:51
01-04-26,,,,,,,,0.0,,,0,,,CPC,Cocoa Processing Company,0.11,01-04-26 21:51
01-04-26,,,,,,,,0.0,,,2439,,,DASPHARMA,Dannex Ayrton Starwin Plc,0.41,01-04-26 21:51
01-04-26,,,,,,,,0.0,,,0,,,DIGICUT,DIGICUT,0.09,01-04-26 21:51
01-04-26,,,,,,,,0.0,,,6615,,,EGH,Ecobank Ghana PLC,49.5,01-04-26 21:51
01-04-26,,,,,,,,0.0,,,1434,,,EGL,Enterprise Group PLC,11.77,01-04-26 21:51
01-04-26,,,,,,,,-0.01,,,240395,,,ETI,Ecobank Transnational Inc,1.48,01-04-26 21:51
01-04-26,,,,,,,,0.0,,,0,,,FAB,FAB,7.84,01-04-26 21:51
01-04-26,,,,,,,,0.0,,,884,,,FML,Fan Milk Limited,12.98,01-04-26 21:51
01-04-26,,,,,,,,-2.7,,,102301,,,GCB,Ghana Commercial Bank Limited,24.36,01-04-26 21:51
01-04-26,,,,,,,,0.0,,,651,,,GGBL,Guinness Ghana Breweries Plc,15.94,01-04-26 21:51
01-04-26,,,,,,,,0.0,,,54,,,GLD,GLD,546.0,01-04-26 21:51
01-04-26,,,,,,,,0.01,,,107593,,,GOIL,GOIL PLC,7.85,01-04-26 21:51
01-04-26,,,,,,,,0.0,,,0,,,HORDS,HORDS,0.1,01-04-26 21:51
01-04-26,,,,,,,,0.0,,,22708,,,IIL,IIL,0.05,01-04-26 21:51
01-04-26,,,,,,,,0.0,,,2,,,MAC,Mega African Capital Limited,5.2,01-04-26 21:51
01-04-26,,,,,,,,0.0,,,0,,,MMH,MMH,0.1,01-04-26 21:51
01-04-26,,,,,,,,-0.08,,,6472638,,,MTNGH,MTN Ghana,5.32,01-04-26 21:51
01-04-26,,,,,,,,0.0,,,60,,,RBGH,Republic Bank (Ghana) PLC,4.71,01-04-26 21:51
01-04-26,,,,,,,,0.0,,,0,,,SAMBA,SAMBA,0.55,01-04-26 21:51
01-04-26,,,,,,,,0.0,,,110,,,SCB,Standard Chartered Bank Ghana Ltd,71.4,01-04-26 21:51
01-04-26,,,,,,,,0.0,,,0,,,SCBPREF,SCBPREF,0.9,01-04-26 21:51
01-04-26,,,,,,,,-0.22,,,86713,,,SIC,SIC Insurance Company Limited,3.08,01-04-26 21:51
01-04-26,,,,,,,,0.0,,,395,,,SOGEGH,Societe Generale Ghana Limited,6.49,01-04-26 21:51
01-04-26,,,,,,,,0.0,,,0,,,TBL,Trust Bank Limited (The Gambia),1.2,01-04-26 21:51
01-04-26,,,,,,,,0.0,,,0,,,TLW,Tullow Oil Plc,11.92,01-04-26 21:51
01-04-26,,,,,,,,0.0,,,855,,,TOTAL,TotalEnergies Ghana PLC,34.64,01-04-26 21:51
01-04-26,,,,,,,,0.0,,,1197,,,UNIL,Unilever Ghana PLC,28.46,01-04-26 21:51
02-04-26,,,,,,,,0.0,,,0,,,AADS,AADS,0.42,02-04-26 22:22
02-04-26,,,,,,,,0.0,,,0,,,ACCESS,Access Bank Ghana Plc,46.62,02-04-26 22:22
02-04-26,,,,,,,,0.0,,,0,,,ADB,Agricultural Development Bank,5.06,02-04-26 22:22
02-04-26,,,,,,,,0.0,,,0,,,AGA,AngloGold Ashanti Plc,37.0,02-04-26 22:22
02-04-26,,,,,,,,0.0,,,0,,,ALLGH,Atlantic Lithium Limited,6.55,02-04-26 22:22
02-04-26,,,,,,,,0.0,,,200,,,ASG,Asante Gold Corporation,8.89,02-04-26 22:22
02-04-26,,,,,,,,0.0,,,496,,,BOPP,Benso Oil Palm Plantation Ltd,100.0,02-04-26 22:22
02-04-26,,,,,,,,-0.01,,,379016,,,CAL,CalBank PLC,0.69,02-04-26 22:22
02-04-26,,,,,,,,0.0,,,0,,,CLYD,Clydestone (Ghana) Limited,1.08,02-04-26 22:22
02-04-26,,,,,,,,0.0,,,0,,,CMLT,Camelot Ghana Ltd,0.14,02-04-26 22:22
02-04-26,,,,,,,,0.01,,,3880,,,CPC,Cocoa Processing Company,0.12,02-04-26 22:22
02-04-26,,,,,,,,0.0,,,45,,,DASPHARMA,Dannex Ayrton Starwin Plc,0.41,02-04-26 22:22
02-04-26,,,,,,,,0.0,,,0,,,DIGICUT,DIGICUT,0.09,02-04-26 22:22
02-04-26,,,,,,,,0.0,,,296,,,EGH,Ecobank Ghana PLC,49.5,02-04-26 22:22
02-04-26,,,,,,,,0.0,,,0,,,EGL,Enterprise Group PLC,11.77,02-04-26 22:22
02-04-26,,,,,,,,0.04,,,288714,,,ETI,Ecobank Transnational Inc,1.52,02-04-26 22:22
02-04-26,,,,,,,,0.0,,,0,,,FAB,FAB,7.84,02-04-26 22:22
02-04-26,,,,,,,,-0.08,,,2644,,,FML,Fan Milk Limited,12.9,02-04-26 22:22
02-04-26,,,,,,,,0.0,,,49530,,,GCB,Ghana Commercial Bank Limited,24.36,02-04-26 22:22
02-04-26,,,,,,,,0.0,,,5,,,GGBL,Guinness Ghana Breweries Plc,15.94,02-04-26 22:22
02-04-26,,,,,,,,-43.83,,,16965,,,GLD,GLD,502.17,02-04-26 22:22
02-04-26,,,,,,,,0.0,,,33333,,,GOIL,GOIL PLC,7.85,02-04-26 22:22
02-04-26,,,,,,,,0.0,,,0,,,HORDS,HORDS,0.1,02-04-26 22:22
02-04-26,,,,,,,,0.0,,,249431,,,IIL,IIL,0.05,02-04-26 22:22
02-04-26,,,,,,,,0.0,,,11,,,MAC,Mega African Capital Limited,5.2,02-04-26 22:22
02-04-26,,,,,,,,0.0,,,0,,,MMH,MMH,0.1,02-04-26 22:22
02-04-26,,,,,,,,0.13,,,432425,,,MTNGH,MTN Ghana,5.45,02-04-26 22:22
02-04-26,,,,,,,,0.0,,,28945,,,RBGH,Republic Bank (Ghana) PLC,4.71,02-04-26 22:22
02-04-26,,,,,,,,0.0,,,0,,,SAMBA,SAMBA,0.55,02-04-26 22:22
02-04-26,,,,,,,,0.0,,,203,,,SCB,Standard Chartered Bank Ghana Ltd,71.4,02-04-26 22:22
02-04-26,,,,,,,,0.0,,,0,,,SCBPREF,SCBPREF,0.9,02-04-26 22:22
02-04-26,,,,,,,,0.0,,,10534,,,SIC,SIC Insurance Company Limited,3.08,02-04-26 22:22
02-04-26,,,,,,,,-0.53,,,19306,,,SOGEGH,Societe Generale Ghana Limited,5.96,02-04-26 22:22
02-04-26,,,,,,,,0.0,,,0,,,TBL,Trust Bank Limited (The Gambia),1.2,02-04-26 22:22
02-04-26,,,,,,,,0.0,,,150,,,TLW,Tullow Oil Plc,11.92,02-04-26 22:22
02-04-26,,,,,,,,0.0,,,2498,,,TOTAL,TotalEnergies Ghana PLC,34.64,02-04-26 22:22
02-04-26,,,,,,,,0.0,,,0,,,UNIL,Unilever Ghana PLC,28.46,02-04-26 22:22
03-04-26,,,,,,,,0.0,,,0,,,AADS,AADS,0.42,03-04-26 18:57
03-04-26,,,,,,,,0.0,,,0,,,ACCESS,Access Bank Ghana Plc,46.62,03-04-26 18:57
03-04-26,,,,,,,,0.0,,,0,,,ADB,Agricultural Development Bank,5.06,03-04-26 18:57
03-04-26,,,,,,,,0.0,,,0,,,AGA,AngloGold Ashanti Plc,37.0,03-04-26 18:57
03-04-26,,,,,,,,0.0,,,0,,,ALLGH,Atlantic Lithium Limited,6.55,03-04-26 18:57
03-04-26,,,,,,,,0.0,,,200,,,ASG,Asante Gold Corporation,8.89,03-04-26 18:57
03-04-26,,,,,,,,0.0,,,496,,,BOPP,Benso Oil Palm Plantation Ltd,100.0,03-04-26 18:57
03-04-26,,,,,,,,-0.01,,,379016,,,CAL,CalBank PLC,0.69,03-04-26 18:57
03-04-26,,,,,,,,0.0,,,0,,,CLYD,Clydestone (Ghana) Limited,1.08,03-04-26 18:57
03-04-26,,,,,,,,0.0,,,0,,,CMLT,Camelot Ghana Ltd,0.14,03-04-26 18:57
03-04-26,,,,,,,,0.01,,,3880,,,CPC,Cocoa Processing Company,0.12,03-04-26 18:57
03-04-26,,,,,,,,0.0,,,45,,,DASPHARMA,Dannex Ayrton Starwin Plc,0.41,03-04-26 18:57
03-04-26,,,,,,,,0.0,,,0,,,DIGICUT,DIGICUT,0.09,03-04-26 18:57
03-04-26,,,,,,,,0.0,,,296,,,EGH,Ecobank Ghana PLC,49.5,03-04-26 18:57
03-04-26,,,,,,,,0.0,,,0,,,EGL,Enterprise Group PLC,11.77,03-04-26 18:57
03-04-26,,,,,,,,0.04,,,288714,,,ETI,Ecobank Transnational Inc,1.52,03-04-26 18:57
03-04-26,,,,,,,,0.0,,,0,,,FAB,FAB,7.84,03-04-26 18:57
03-04-26,,,,,,,,-0.08,,,2644,,,FML,Fan Milk Limited,12.9,03-04-26 18:57
03-04-26,,,,,,,,0.0,,,49530,,,GCB,Ghana Commercial Bank Limited,24.36,03-04-26 18:57
03-04-26,,,,,,,,0.0,,,5,,,GGBL,Guinness Ghana Breweries Plc,15.94,03-04-26 18:57
03-04-26,,,,,,,,-43.83,,,16965,,,GLD,GLD,502.17,03-04-26 18:57
03-04-26,,,,,,,,0.0,,,33333,,,GOIL,GOIL PLC,7.85,03-04-26 18:57
03-04-26,,,,,,,,0.0,,,0,,,HORDS,HORDS,0.1,03-04-26 18:57
03-04-26,,,,,,,,0.0,,,249431,,,IIL,IIL,0.05,03-04-26 18:57
03-04-26,,,,,,,,0.0,,,11,,,MAC,Mega African Capital Limited,5.2,03-04-26 18:57
03-04-26,,,,,,,,0.0,,,0,,,MMH,MMH,0.1,03-04-26 18:57
03-04-26,,,,,,,,0.13,,,432425,,,MTNGH,MTN Ghana,5.45,03-04-26 18:57
03-04-26,,,,,,,,0.0,,,28945,,,RBGH,Republic Bank (Ghana) PLC,4.71,03-04-26 18:57
03-04-26,,,,,,,,0.0,,,0,,,SAMBA,SAMBA,0.55,03-04-26 18:57
03-04-26,,,,,,,,0.0,,,203,,,SCB,Standard Chartered Bank Ghana Ltd,71.4,03-04-26 18:57
03-04-26,,,,,,,,0.0,,,0,,,SCBPREF,SCBPREF,0.9,03-04-26 18:57
03-04-26,,,,,,,,0.0,,,10534,,,SIC,SIC Insurance Company Limited,3.08,03-04-26 18:57
03-04-26,,,,,,,,-0.53,,,19306,,,SOGEGH,Societe Generale Ghana Limited,5.96,03-04-26 18:57
03-04-26,,,,,,,,0.0,,,0,,,TBL,Trust Bank Limited (The Gambia),1.2,03-04-26 18:57
03-04-26,,,,,,,,0.0,,,150,,,TLW,Tullow Oil Plc,11.92,03-04-26 18:57
03-04-26,,,,,,,,0.0,,,2498,,,TOTAL,TotalEnergies Ghana PLC,34.64,03-04-26 18:57
03-04-26,,,,,,,,0.0,,,0,,,UNIL,Unilever Ghana PLC,28.46,03-04-26 18:57
07-04-26,,,,,,,,0.0,,,0,,,AADS,AADS,0.42,07-04-26 10:13
07-04-26,,,,,,,,0.0,,,0,,,ACCESS,Access Bank Ghana Plc,46.61,07-04-26 10:13
07-04-26,,,,,,,,0.0,,,0,,,ADB,Agricultural Development Bank,5.06,07-04-26 10:13
07-04-26,,,,,,,,0.0,,,0,,,AGA,AngloGold Ashanti Plc,37.0,07-04-26 10:13
07-04-26,,,,,,,,0.0,,,0,,,ALLGH,Atlantic Lithium Limited,6.55,07-04-26 10:13
07-04-26,,,,,,,,0.0,,,0,,,ASG,Asante Gold Corporation,8.89,07-04-26 10:13
07-04-26,,,,,,,,0.0,,,348,,,BOPP,Benso Oil Palm Plantation Ltd,100.0,07-04-26 10:13
07-04-26,,,,,,,,0.0,,,27828,,,CAL,CalBank PLC,0.69,07-04-26 10:13
07-04-26,,,,,,,,0.0,,,0,,,CLYD,Clydestone (Ghana) Limited,1.08,07-04-26 10:13
07-04-26,,,,,,,,0.0,,,0,,,CMLT,Camelot Ghana Ltd,0.14,07-04-26 10:13
07-04-26,,,,,,,,0.0,,,0,,,CPC,Cocoa Processing Company,0.12,07-04-26 10:13
07-04-26,,,,,,,,0.0,,,0,,,DASPHARMA,Dannex Ayrton Starwin Plc,0.41,07-04-26 10:13
07-04-26,,,,,,,,0.0,,,0,,,DIGICUT,DIGICUT,0.09,07-04-26 10:13
07-04-26,,,,,,,,0.0,,,461,,,EGH,Ecobank Ghana PLC,49.5,07-04-26 10:13
07-04-26,,,,,,,,0.0,,,0,,,EGL,Enterprise Group PLC,11.77,07-04-26 10:13
07-04-26,,,,,,,,0.01,,,150691,,,ETI,Ecobank Transnational Inc,1.53,07-04-26 10:13
07-04-26,,,,,,,,0.0,,,0,,,FAB,FAB,7.84,07-04-26 10:13
07-04-26,,,,,,,,0.0,,,10326,,,FML,Fan Milk Limited,12.9,07-04-26 10:13
07-04-26,,,,,,,,0.64,,,3319,,,GCB,Ghana Commercial Bank Limited,25.0,07-04-26 10:13
07-04-26,,,,,,,,-0.44,,,1526,,,GGBL,Guinness Ghana Breweries Plc,15.5,07-04-26 10:13
07-04-26,,,,,,,,0.0,,,29,,,GLD,GLD,502.17,07-04-26 10:13
07-04-26,,,,,,,,0.0,,,19276,,,GOIL,GOIL PLC,7.85,07-04-26 10:13
07-04-26,,,,,,,,0.0,,,0,,,HORDS,HORDS,0.1,07-04-26 10:13
07-04-26,,,,,,,,0.0,,,0,,,IIL,IIL,0.05,07-04-26 10:13
07-04-26,,,,,,,,0.0,,,1,,,MAC,Mega African Capital Limited,5.2,07-04-26 10:13
07-04-26,,,,,,,,0.0,,,0,,,MMH,MMH,0.1,07-04-26 10:13
07-04-26,,,,,,,,0.0,,,485062,,,MTNGH,MTN Ghana,5.45,07-04-26 10:13
07-04-26,,,,,,,,0.0,,,436,,,RBGH,Republic Bank (Ghana) PLC,4.71,07-04-26 10:13
07-04-26,,,,,,,,0.0,,,0,,,SAMBA,SAMBA,0.55,07-04-26 10:13
07-04-26,,,,,,,,0.0,,,398,,,SCB,Standard Chartered Bank Ghana Ltd,71.4,07-04-26 10:13
07-04-26,,,,,,,,0.0,,,0,,,SCBPREF,SCBPREF,0.9,07-04-26 10:13
07-04-26,,,,,,,,0.0,,,16125,,,SIC,SIC Insurance Company Limited,3.08,07-04-26 10:13
07-04-26,,,,,,,,0.0,,,4702,,,SOGEGH,Societe Generale Ghana Limited,5.96,07-04-26 10:13
07-04-26,,,,,,,,0.0,,,0,,,TBL,Trust Bank Limited (The Gambia),1.2,07-04-26 10:13
07-04-26,,,,,,,,0.0,,,7,,,TLW,Tullow Oil Plc,11.92,07-04-26 10:13
07-04-26,,,,,,,,1.49,,,2478,,,TOTAL,TotalEnergies Ghana PLC,36.13,07-04-26 10:13
07-04-26,,,,,,,,0.0,,,14,,,UNIL,Unilever Ghana PLC,28.46,07-04-26 10:13
12-04-26,,,,,,,,0.0,,,0,,,AADS,AADS,0.42,12-04-26 15:58
12-04-26,,,,,,,,0.0,,,2,,,ACCESS,Access Bank Ghana Plc,42.0,12-04-26 15:58
12-04-26,,,,,,,,0.0,,,0,,,ADB,Agricultural Development Bank,5.06,12-04-26 15:58
12-04-26,,,,,,,,0.0,,,0,,,AGA,AngloGold Ashanti Plc,37.0,12-04-26 15:58
12-04-26,,,,,,,,0.0,,,350,,,ALLGH,Atlantic Lithium Limited,6.55,12-04-26 15:58
12-04-26,,,,,,,,0.0,,,17,,,ASG,Asante Gold Corporation,8.89,12-04-26 15:58
12-04-26,,,,,,,,0.0,,,698,,,BOPP,Benso Oil Palm Plantation Ltd,100.0,12-04-26 15:58
12-04-26,,,,,,,,1.0,,,700215,,,CAL,CalBank PLC,0.75,12-04-26 15:58
12-04-26,,,,,,,,0.0,,,0,,,CLYD,Clydestone (Ghana) Limited,1.11,12-04-26 15:58
12-04-26,,,,,,,,0.0,,,0,,,CMLT,Camelot Ghana Ltd,0.14,12-04-26 15:58
12-04-26,,,,,,,,0.0,,,0,,,CPC,Cocoa Processing Company,0.12,12-04-26 15:58
12-04-26,,,,,,,,0.0,,,31,,,DASPHARMA,Dannex Ayrton Starwin Plc,0.41,12-04-26 15:58
12-04-26,,,,,,,,0.0,,,0,,,DIGICUT,DIGICUT,0.09,12-04-26 15:58
12-04-26,,,,,,,,-3.0,,,2663,,,EGH,Ecobank Ghana PLC,49.45,12-04-26 15:58
12-04-26,,,,,,,,-3.0,,,2522,,,EGL,Enterprise Group PLC,11.66,12-04-26 15:58
12-04-26,,,,,,,,6.0,,,62726,,,ETI,Ecobank Transnational Inc,1.67,12-04-26 15:58
12-04-26,,,,,,,,0.0,,,0,,,FAB,FAB,7.97,12-04-26 15:58
12-04-26,,,,,,,,-15.0,,,1019,,,FML,Fan Milk Limited,12.59,12-04-26 15:58
12-04-26,,,,,,,,45.0,,,27933,,,GCB,Ghana Commercial Bank Limited,25.96,12-04-26 15:58
12-04-26,,,,,,,,0.0,,,500,,,GGBL,Guinness Ghana Breweries Plc,15.5,12-04-26 15:58
12-04-26,,,,,,,,62.0,,,8,,,GLD,GLD,502.79,12-04-26 15:58
12-04-26,,,,,,,,1.0,,,44131,,,GOIL,GOIL PLC,7.86,12-04-26 15:58
12-04-26,,,,,,,,0.0,,,0,,,HORDS,HORDS,0.1,12-04-26 15:58
12-04-26,,,,,,,,0.0,,,0,,,IIL,IIL,0.05,12-04-26 15:58
12-04-26,,,,,,,,0.0,,,0,,,MAC,Mega African Capital Limited,5.2,12-04-26 15:58
12-04-26,,,,,,,,0.0,,,0,,,MMH,MMH,0.1,12-04-26 15:58
12-04-26,,,,,,,,1.0,,,873258,,,MTNGH,MTN Ghana,5.5,12-04-26 15:58
12-04-26,,,,,,,,-19.0,,,31715,,,RBGH,Republic Bank (Ghana) PLC,4.51,12-04-26 15:58
12-04-26,,,,,,,,0.0,,,0,,,SAMBA,SAMBA,0.55,12-04-26 15:58
12-04-26,,,,,,,,0.0,,,335,,,SCB,Standard Chartered Bank Ghana Ltd,71.4,12-04-26 15:58
12-04-26,,,,,,,,0.0,,,0,,,SCBPREF,SCBPREF,0.9,12-04-26 15:58
12-04-26,,,,,,,,1.0,,,33274,,,SIC,SIC Insurance Company Limited,3.56,12-04-26 15:58
12-04-26,,,,,,,,-1.0,,,13720,,,SOGEGH,Societe Generale Ghana Limited,5.36,12-04-26 15:58
12-04-26,,,,,,,,0.0,,,500,,,TBL,Trust Bank Limited (The Gambia),1.2,12-04-26 15:58
12-04-26,,,,,,,,0.0,,,967,,,TLW,Tullow Oil Plc,11.92,12-04-26 15:58
12-04-26,,,,,,,,-1.0,,,4930,,,TOTAL,TotalEnergies Ghana PLC,38.09,12-04-26 15:58
12-04-26,,,,,,,,0.0,,,832,,,UNIL,Unilever Ghana PLC,28.46,12-04-26 15:58
04-05-26,,,,,,,,0.0,,,0,,,AADS,AADS,0.42,04-05-26 15:22
04-05-26,,,,,,,,0.0,,,1779,,,ACCESS,Access Bank Ghana Plc,30.6,04-05-26 15:22
04-05-26,,,,,,,,0.0,,,18,,,ADB,Agricultural Development Bank,5.3,04-05-26 15:22
04-05-26,,,,,,,,0.0,,,0,,,AGA,AngloGold Ashanti Plc,37.0,04-05-26 15:22
04-05-26,,,,,,,,0.0,,,7,,,ALLGH,Atlantic Lithium Limited,7.8,04-05-26 15:22
04-05-26,,,,,,,,0.0,,,5,,,ASG,Asante Gold Corporation,8.89,04-05-26 15:22
04-05-26,,,,,,,,0.0,,,1530,,,BOPP,Benso Oil Palm Plantation Ltd,85.5,04-05-26 15:22
04-05-26,,,,,,,,-2.0,,,261277,,,CAL,CalBank PLC,0.88,04-05-26 15:22
04-05-26,,,,,,,,0.0,,,0,,,CLYD,Clydestone (Ghana) Limited,1.6,04-05-26 15:22
04-05-26,,,,,,,,0.0,,,0,,,CMLT,Camelot Ghana Ltd,0.14,04-05-26 15:22
04-05-26,,,,,,,,0.0,,,0,,,CPC,Cocoa Processing Company,0.12,04-05-26 15:22
04-05-26,,,,,,,,0.0,,,0,,,DASPHARMA,Dannex Ayrton Starwin Plc,0.41,04-05-26 15:22
04-05-26,,,,,,,,0.0,,,0,,,DIGICUT,DIGICUT,0.09,04-05-26 15:22
04-05-26,,,,,,,,-2.0,,,4688,,,EGH,Ecobank Ghana PLC,48.85,04-05-26 15:22
04-05-26,,,,,,,,0.0,,,4199,,,EGL,Enterprise Group PLC,11.03,04-05-26 15:22
04-05-26,,,,,,,,-2.0,,,127874,,,ETI,Ecobank Transnational Inc,2.16,04-05-26 15:22
04-05-26,,,,,,,,0.0,,,0,,,FAB,FAB,7.97,04-05-26 15:22
04-05-26,,,,,,,,56.0,,,25197,,,FML,Fan Milk Limited,12.06,04-05-26 15:22
04-05-26,,,,,,,,0.0,,,13939,,,GCB,Ghana Commercial Bank Limited,41.55,04-05-26 15:22
04-05-26,,,,,,,,0.0,,,4001,,,GGBL,Guinness Ghana Breweries Plc,14.99,04-05-26 15:22
04-05-26,,,,,,,,0.0,,,346,,,GLD,GLD,497.01,04-05-26 15:22
04-05-26,,,,,,,,9.0,,,23871,,,GOIL,GOIL PLC,8.0,04-05-26 15:22
04-05-26,,,,,,,,0.0,,,503,,,HORDS,HORDS,0.1,04-05-26 15:22
04-05-26,,,,,,,,0.0,,,8148,,,IIL,IIL,0.05,04-05-26 15:22
04-05-26,,,,,,,,0.0,,,0,,,MAC,Mega African Capital Limited,5.2,04-05-26 15:22
04-05-26,,,,,,,,0.0,,,184,,,MMH,MMH,0.1,04-05-26 15:22
04-05-26,,,,,,,,0.0,,,705610,,,MTNGH,MTN Ghana,6.8,04-05-26 15:22
04-05-26,,,,,,,,0.0,,,6235,,,RBGH,Republic Bank (Ghana) PLC,5.57,04-05-26 15:22
04-05-26,,,,,,,,0.0,,,0,,,SAMBA,SAMBA,0.55,04-05-26 15:22
04-05-26,,,,,,,,0.0,,,2516,,,SCB,Standard Chartered Bank Ghana Ltd,71.38,04-05-26 15:22
04-05-26,,,,,,,,0.0,,,0,,,SCBPREF,SCBPREF,0.9,04-05-26 15:22
04-05-26,,,,,,,,0.0,,,44705,,,SIC,SIC Insurance Company Limited,5.65,04-05-26 15:22
04-05-26,,,,,,,,0.0,,,1291,,,SOGEGH,Societe Generale Ghana Limited,6.31,04-05-26 15:22
04-05-26,,,,,,,,0.0,,,0,,,TBL,Trust Bank Limited (The Gambia),1.2,04-05-26 15:22
04-05-26,,,,,,,,0.0,,,12,,,TLW,Tullow Oil Plc,11.92,04-05-26 15:22
04-05-26,,,,,,,,0.0,,,113,,,TOTAL,TotalEnergies Ghana PLC,34.23,04-05-26 15:22
04-05-26,,,,,,,,0.0,,,1226,,,UNIL,Unilever Ghana PLC,30.0,04-05-26 15:22
04-05-26,,,,,,,,-14.0,,,287259,,,ZEN,ZEN,6.0,04-05-26 15:22
05-05-26,,,,,,,,0.0,,,0,,,AADS,AADS,0.42,05-05-26 14:12
05-05-26,,,,,,,,0.0,,,151,,,ACCESS,Access Bank Ghana Plc,30.6,05-05-26 14:12
05-05-26,,,,,,,,0.0,,,0,,,ADB,Agricultural Development Bank,5.3,05-05-26 14:12
05-05-26,,,,,,,,0.0,,,0,,,AGA,AngloGold Ashanti Plc,37.0,05-05-26 14:12
05-05-26,,,,,,,,0.0,,,31,,,ALLGH,Atlantic Lithium Limited,7.8,05-05-26 14:12
05-05-26,,,,,,,,0.0,,,0,,,ASG,Asante Gold Corporation,8.89,05-05-26 14:12
05-05-26,,,,,,,,0.0,,,7661,,,BOPP,Benso Oil Palm Plantation Ltd,85.5,05-05-26 14:12
05-05-26,,,,,,,,0.02,,,421340,,,CAL,CalBank PLC,0.9,05-05-26 14:12
05-05-26,,,,,,,,0.02,,,2400,,,CLYD,Clydestone (Ghana) Limited,1.62,05-05-26 14:12
05-05-26,,,,,,,,0.0,,,0,,,CMLT,Camelot Ghana Ltd,0.14,05-05-26 14:12
05-05-26,,,,,,,,0.0,,,0,,,CPC,Cocoa Processing Company,0.12,05-05-26 14:12
05-05-26,,,,,,,,0.0,,,863,,,DASPHARMA,Dannex Ayrton Starwin Plc,0.41,05-05-26 14:12
05-05-26,,,,,,,,0.0,,,0,,,DIGICUT,DIGICUT,0.09,05-05-26 14:12
05-05-26,,,,,,,,0.0,,,580,,,EGH,Ecobank Ghana PLC,48.85,05-05-26 14:12
05-05-26,,,,,,,,0.0,,,12771,,,EGL,Enterprise Group PLC,11.03,05-05-26 14:12
05-05-26,,,,,,,,-0.19,,,161101,,,ETI,Ecobank Transnational Inc,1.98,05-05-26 14:12
05-05-26,,,,,,,,0.0,,,0,,,FAB,FAB,7.97,05-05-26 14:12
05-05-26,,,,,,,,0.61,,,2383,,,FML,Fan Milk Limited,12.67,05-05-26 14:12
05-05-26,,,,,,,,0.0,,,4053,,,GCB,Ghana Commercial Bank Limited,41.55,05-05-26 14:12
05-05-26,,,,,,,,0.0,,,279,,,GGBL,Guinness Ghana Breweries Plc,14.99,05-05-26 14:12
05-05-26,,,,,,,,0.0,,,7,,,GLD,GLD,497.01,05-05-26 14:12
05-05-26,,,,,,,,0.0,,,14435,,,GOIL,GOIL PLC,8.0,05-05-26 14:12
05-05-26,,,,,,,,0.0,,,28009,,,HORDS,HORDS,0.1,05-05-26 14:12
05-05-26,,,,,,,,0.0,,,0,,,IIL,IIL,0.05,05-05-26 14:12
05-05-26,,,,,,,,0.0,,,7,,,MAC,Mega African Capital Limited,5.2,05-05-26 14:12
05-05-26,,,,,,,,0.0,,,2,,,MMH,MMH,0.1,05-05-26 14:12
05-05-26,,,,,,,,0.0,,,479619,,,MTNGH,MTN Ghana,6.8,05-05-26 14:12
05-05-26,,,,,,,,-0.01,,,11972,,,RBGH,Republic Bank (Ghana) PLC,5.56,05-05-26 14:12
05-05-26,,,,,,,,0.0,,,0,,,SAMBA,SAMBA,0.55,05-05-26 14:12
05-05-26,,,,,,,,0.0,,,187,,,SCB,Standard Chartered Bank Ghana Ltd,71.38,05-05-26 14:12
05-05-26,,,,,,,,0.0,,,0,,,SCBPREF,SCBPREF,0.9,05-05-26 14:12
05-05-26,,,,,,,,0.0,,,25293,,,SIC,SIC Insurance Company Limited,5.65,05-05-26 14:12
05-05-26,,,,,,,,0.03,,,53902,,,SOGEGH,Societe Generale Ghana Limited,6.34,05-05-26 14:12
05-05-26,,,,,,,,0.0,,,0,,,TBL,Trust Bank Limited (The Gambia),1.2,05-05-26 14:12
05-05-26,,,,,,,,0.0,,,0,,,TLW,Tullow Oil Plc,11.92,05-05-26 14:12
05-05-26,,,,,,,,2.26,,,1795,,,TOTAL,TotalEnergies Ghana PLC,36.49,05-05-26 14:12
05-05-26,,,,,,,,0.0,,,6035,,,UNIL,Unilever Ghana PLC,30.0,05-05-26 14:12
05-05-26,,,,,,,,0.38,,,2000,,,ZEN,ZEN,6.4,05-05-26 14:12
07-05-26,,,,,,,,0.0,,,0,,,AADS,AADS,0.42,07-05-26 23:52
07-05-26,,,,,,,,0.0,,,676,,,ACCESS,Access Bank Ghana Plc,30.6,07-05-26 23:52
07-05-26,,,,,,,,0.0,,,36,,,ADB,Agricultural Development Bank,5.3,07-05-26 23:52
07-05-26,,,,,,,,0.0,,,0,,,AGA,AngloGold Ashanti Plc,37.0,07-05-26 23:52
07-05-26,,,,,,,,0.0,,,473,,,ALLGH,Atlantic Lithium Limited,7.8,07-05-26 23:52
07-05-26,,,,,,,,0.0,,,7,,,ASG,Asante Gold Corporation,8.89,07-05-26 23:52
07-05-26,,,,,,,,0.0,,,136,,,BOPP,Benso Oil Palm Plantation Ltd,85.5,07-05-26 23:52
07-05-26,,,,,,,,-0.01,,,88165,,,CAL,CalBank PLC,0.88,07-05-26 23:52
07-05-26,,,,,,,,0.0,,,40,,,CLYD,Clydestone (Ghana) Limited,1.64,07-05-26 23:52
07-05-26,,,,,,,,0.0,,,0,,,CMLT,Camelot Ghana Ltd,0.14,07-05-26 23:52
07-05-26,,,,,,,,0.0,,,0,,,CPC,Cocoa Processing Company,0.12,07-05-26 23:52
07-05-26,,,,,,,,0.0,,,2077,,,DASPHARMA,Dannex Ayrton Starwin Plc,0.41,07-05-26 23:52
07-05-26,,,,,,,,0.0,,,0,,,DIGICUT,DIGICUT,0.09,07-05-26 23:52
07-05-26,,,,,,,,0.0,,,215,,,EGH,Ecobank Ghana PLC,48.85,07-05-26 23:52
07-05-26,,,,,,,,-0.01,,,13862,,,EGL,Enterprise Group PLC,10.65,07-05-26 23:52
07-05-26,,,,,,,,-0.19,,,92270,,,ETI,Ecobank Transnational Inc,1.77,07-05-26 23:52
07-05-26,,,,,,,,0.0,,,0,,,FAB,FAB,7.97,07-05-26 23:52
07-05-26,,,,,,,,0.0,,,2575,,,FML,Fan Milk Limited,12.67,07-05-26 23:52
07-05-26,,,,,,,,-1.55,,,5358,,,GCB,Ghana Commercial Bank Limited,40.0,07-05-26 23:52
07-05-26,,,,,,,,-0.02,,,2618,,,GGBL,Guinness Ghana Breweries Plc,14.97,07-05-26 23:52
07-05-26,,,,,,,,0.0,,,40,,,GLD,GLD,497.01,07-05-26 23:52
07-05-26,,,,,,,,-0.03,,,14500,,,GOIL,GOIL PLC,7.98,07-05-26 23:52
07-05-26,,,,,,,,0.0,,,0,,,HORDS,HORDS,0.1,07-05-26 23:52
07-05-26,,,,,,,,0.0,,,400,,,IIL,IIL,0.05,07-05-26 23:52
07-05-26,,,,,,,,0.0,,,0,,,MAC,Mega African Capital Limited,5.2,07-05-26 23:52
07-05-26,,,,,,,,0.0,,,0,,,MMH,MMH,0.1,07-05-26 23:52
07-05-26,,,,,,,,-0.03,,,1384573,,,MTNGH,MTN Ghana,6.77,07-05-26 23:52
07-05-26,,,,,,,,-0.01,,,4836,,,RBGH,Republic Bank (Ghana) PLC,5.53,07-05-26 23:52
07-05-26,,,,,,,,0.0,,,0,,,SAMBA,SAMBA,0.55,07-05-26 23:52
07-05-26,,,,,,,,0.0,,,105,,,SCB,Standard Chartered Bank Ghana Ltd,71.38,07-05-26 23:52
07-05-26,,,,,,,,0.0,,,0,,,SCBPREF,SCBPREF,0.9,07-05-26 23:52
07-05-26,,,,,,,,0.31,,,52095,,,SIC,SIC Insurance Company Limited,6.03,07-05-26 23:52
07-05-26,,,,,,,,-0.01,,,20548,,,SOGEGH,Societe Generale Ghana Limited,6.39,07-05-26 23:52
07-05-26,,,,,,,,0.0,,,0,,,TBL,Trust Bank Limited (The Gambia),1.2,07-05-26 23:52
07-05-26,,,,,,,,0.0,,,289,,,TLW,Tullow Oil Plc,11.92,07-05-26 23:52
07-05-26,,,,,,,,0.0,,,3355,,,TOTAL,TotalEnergies Ghana PLC,36.49,07-05-26 23:52
07-05-26,,,,,,,,0.0,,,1300,,,UNIL,Unilever Ghana PLC,30.0,07-05-26 23:52
07-05-26,,,,,,,,0.14,,,10000,,,ZEN,ZEN,6.7,07-05-26 23:52
08-05-26,ACCESS,46.64,16.2,30.6,30.6,30.6,30.6,0.0,27.6,30.6,79,2417.4,0.0,ACCESS,Access Bank Ghana Plc,30.6,08-05-26 15:00
08-05-26,ADB,5.3,5.06,5.3,5.3,5.3,5.3,0.0,5.3,,1,5.3,0.0,ADB,Agricultural Development Bank,5.3,08-05-26 15:00
08-05-26,AGA,37.0,37.0,37.0,37.0,37.0,37.0,0.0,40.7,,0,0.0,0.0,AGA,AngloGold Ashanti,37.0,08-05-26 15:00
08-05-26,ALW,0.1,0.1,0.1,0.1,0.1,0.1,0.0,,,0,0.0,0.0,ALW,Aluworks Ghana,0.1,08-05-26 15:00
08-05-26,ASG,8.89,8.89,8.89,8.89,8.89,8.89,0.0,8.89,,1,8.89,0.0,ASG,Asante Gold,8.89,08-05-26 15:00
08-05-26,ALLGH,7.8,6.12,7.8,7.8,7.8,7.8,0.0,7.8,8.5,309,2410.2,0.0,ALLGH,Atlantic Lithium,7.8,08-05-26 15:00
08-05-26,BOPP,100.0,55.82,85.5,85.5,85.5,85.5,0.0,,85.5,586,50103.0,0.0,BOPP,Benso Oil Palm Plantation,85.5,08-05-26 15:00
08-05-26,CAL,0.94,0.61,0.88,0.88,0.8,0.81,-0.07,,0.8,364433,295116.55,-7.95,CAL,CalBank PLC,0.8,08-05-26 15:00
08-05-26,CLYD,1.64,0.46,1.64,1.64,1.64,1.64,0.0,1.79,,0,0.0,0.0,CLYD,Clydestone Ghana,1.64,08-05-26 15:00
08-05-26,CMLT,0.14,0.14,0.14,0.14,0.14,0.14,0.0,0.15,,0,0.0,0.0,CMLT,Camelot Ghana,0.14,08-05-26 15:00
08-05-26,CPC,0.12,0.05,0.12,0.12,0.12,0.12,0.0,0.13,,0,0.0,0.0,CPC,Cocoa Processing,0.12,08-05-26 15:00
08-05-26,DASPHARMA,0.41,0.38,0.41,0.41,0.42,0.41,0.0,0.42,,224,94.08,0.0,DASPHARMA,Dannex Ayrton Starwin,0.42,08-05-26 15:00
08-05-26,EGH,57.0,25.0,48.85,48.85,48.84,48.85,0.0,,48.84,99,4835.16,0.0,EGH,Ecobank Ghana,48.84,08-05-26 15:00
08-05-26,EGL,12.16,3.48,10.65,10.65,10.64,10.64,-0.01,10.64,10.65,4366,46475.34,-0.09,EGL,Enterprise Group,10.64,08-05-26 15:00
08-05-26,ETI,2.82,0.76,1.77,1.77,1.6,1.6,-0.17,,1.6,765930,1225488.0,-9.6,ETI,Ecobank Transnational,1.6,08-05-26 15:00
08-05-26,FML,16.35,8.0,12.67,12.67,13.93,13.93,1.26,13.93,,5610,77919.24,9.94,FML,Fan Milk Limited,13.93,08-05-26 15:00
08-05-26,FAB,7.97,7.71,7.97,7.97,7.97,7.97,0.0,7.84,,0,0.0,0.0,FAB,First Atlantic Bank,7.97,08-05-26 15:00
08-05-26,GCB,52.0,20.11,40.0,40.0,40.0,40.0,0.0,,40.0,3651,146040.0,0.0,GCB,Ghana Commercial Bank,40.0,08-05-26 15:00
08-05-26,GGBL,16.5,6.6,14.97,14.97,14.96,14.96,-0.01,,14.96,1451,21707.53,-0.07,GGBL,Guinness Ghana Breweries,14.96,08-05-26 15:00
08-05-26,GOIL,8.01,2.96,7.98,7.98,7.96,7.96,-0.02,,7.96,10623,84620.45,-0.25,GOIL,GOIL PLC,7.96,08-05-26 15:00
08-05-26,MAC,5.2,5.2,5.2,5.2,5.2,5.2,0.0,5.2,,0,0.0,0.0,MAC,Mega African Capital,5.2,08-05-26 15:00
08-05-26,MTNGH,6.8,4.2,6.77,6.77,6.6,6.53,-0.24,6.5,6.6,2478506,16199254.61,-3.55,MTNGH,MTN Ghana,6.6,08-05-26 15:00
08-05-26,PBC,0.02,0.02,0.02,0.02,0.02,0.02,0.0,,,0,0.0,0.0,PBC,Produce Buying Company,0.02,08-05-26 15:00
08-05-26,RBGH,5.58,1.3,5.53,5.53,5.5,5.53,0.0,,5.5,746,4103.0,0.0,RBGH,Republic Bank Ghana,5.5,08-05-26 15:00
08-05-26,SCB,79.41,29.22,71.38,71.38,71.38,71.38,0.0,,71.38,52,3711.76,0.0,SCB,Standard Chartered Bank Ghana,71.38,08-05-26 15:00
08-05-26,SIC,6.03,1.2,6.03,6.03,6.0,6.01,-0.02,,6.0,16921,101836.98,-0.33,SIC,SIC Insurance,6.0,08-05-26 15:00
08-05-26,SOGEGH,11.51,4.49,6.39,6.39,6.39,6.39,0.0,,6.39,1582,10108.98,0.0,SOGEGH,Societe Generale Ghana,6.39,08-05-26 15:00
08-05-26,TBL,1.2,1.2,1.2,1.2,1.2,1.2,0.0,1.32,,0,0.0,0.0,TBL,Trust Bank Ltd,1.2,08-05-26 15:00
08-05-26,TOTAL,40.3,34.23,36.49,36.49,36.49,36.49,0.0,32.85,36.49,65,2371.85,0.0,TOTAL,TotalEnergies Ghana,36.49,08-05-26 15:00
08-05-26,TLW,11.92,11.92,11.92,11.92,11.92,11.92,0.0,11.92,,150,1788.0,0.0,TLW,Tullow Oil,11.92,08-05-26 15:00
08-05-26,UNIL,30.0,19.79,30.0,30.0,30.0,30.0,0.0,,30.0,571,17130.0,0.0,UNIL,Unilever Ghana,30.0,08-05-26 15:00
08-05-26,ZEN,7.36,5.0,6.7,6.7,7.36,7.36,0.66,7.36,,4000,29440.0,9.85,ZEN,Zen Petroleum,7.36,08-05-26 15:00
08-05-26,AADS,0.42,0.42,0.42,0.42,0.42,0.42,0.0,0.46,,0,0.0,0.0,AADS,Dannex Ayrton Starwin Plc,0.42,08-05-26 15:00
08-05-26,SCBPREF,0.9,0.9,0.9,0.9,0.9,0.9,0.0,0.9,,0,0.0,0.0,SCBPREF,Standard Chartered Pref,0.9,08-05-26 15:00
08-05-26,GLD,533.93,466.72,497.01,497.01,497.01,497.01,0.0,497.01,,2,994.02,0.0,GLD,Gold Fields Limited,497.01,08-05-26 15:00
08-05-26,SAMBA,0.55,0.55,0.55,0.55,0.55,0.55,0.0,0.55,,0,0.0,0.0,SAMBA,Kasapreko Company,0.55,08-05-26 15:00
08-05-26,MMH,0.1,0.1,0.1,0.1,0.1,0.1,0.0,0.1,,0,0.0,0.0,MMH,Meridian-Marshalls Holdings,0.1,08-05-26 15:00
08-05-26,HORDS,0.1,0.09,0.1,0.1,0.1,0.1,0.0,,0.1,398641,39864.1,0.0,HORDS,Hords Limited,0.1,08-05-26 15:00
08-05-26,IIL,0.05,0.05,0.05,0.05,0.05,0.05,0.0,0.05,,0,0.0,0.0,IIL,Industrial Insurance,0.05,08-05-26 15:00
08-05-26,DIGICUT,0.09,0.09,0.09,0.09,0.09,0.09,0.0,,,0,0.0,0.0,DIGICUT,Digicut Ghana,0.09,08-05-26 15:00
11-05-26,,,,,,,,0.0,,,0,,,AADS,Dannex Ayrton Starwin Plc,0.42,11-05-26 14:08
11-05-26,,,,,,,,0.0,,,469,,,ACCESS,Access Bank Ghana Plc,30.6,11-05-26 14:08
11-05-26,,,,,,,,0.0,,,12,,,ADB,Agricultural Development Bank,5.3,11-05-26 14:08
11-05-26,,,,,,,,0.0,,,0,,,AGA,AngloGold Ashanti Plc,37.0,11-05-26 14:08
11-05-26,,,,,,,,70.0,,,39909,,,ALLGH,Atlantic Lithium Limited,8.5,11-05-26 14:08
11-05-26,,,,,,,,0.0,,,0,,,ASG,Asante Gold Corporation,8.89,11-05-26 14:08
11-05-26,,,,,,,,0.0,,,297,,,BOPP,Benso Oil Palm Plantation Ltd,85.5,11-05-26 14:08
11-05-26,,,,,,,,-2.0,,,178529,,,CAL,CalBank PLC,0.79,11-05-26 14:08
11-05-26,,,,,,,,0.0,,,0,,,CLYD,Clydestone (Ghana) Limited,1.64,11-05-26 14:08
11-05-26,,,,,,,,0.0,,,0,,,CMLT,Camelot Ghana Ltd,0.14,11-05-26 14:08
11-05-26,,,,,,,,0.0,,,0,,,CPC,Cocoa Processing Company,0.12,11-05-26 14:08
11-05-26,,,,,,,,0.0,,,0,,,DASPHARMA,Dannex Ayrton Starwin Plc,0.41,11-05-26 14:08
11-05-26,,,,,,,,0.0,,,0,,,DIGICUT,Digicut Ghana Limited,0.09,11-05-26 14:08
11-05-26,,,,,,,,0.0,,,0,,,EGH,Ecobank Ghana PLC,48.85,11-05-26 14:08
11-05-26,,,,,,,,0.0,,,762,,,EGL,Enterprise Group PLC,10.64,11-05-26 14:08
11-05-26,,,,,,,,-10.0,,,251260,,,ETI,Ecobank Transnational Inc,1.5,11-05-26 14:08
11-05-26,,,,,,,,0.0,,,0,,,FAB,FAB,7.97,11-05-26 14:08
11-05-26,,,,,,,,0.0,,,6716,,,FML,Fan Milk Limited,13.93,11-05-26 14:08
11-05-26,,,,,,,,0.0,,,3466,,,GCB,Ghana Commercial Bank Limited,40.0,11-05-26 14:08
11-05-26,,,,,,,,0.0,,,436,,,GGBL,Guinness Ghana Breweries Plc,14.96,11-05-26 14:08
11-05-26,,,,,,,,0.0,,,21,,,GLD,Gold Fields Limited,497.01,11-05-26 14:08
11-05-26,,,,,,,,-1.0,,,18225,,,GOIL,GOIL PLC,7.95,11-05-26 14:08
11-05-26,,,,,,,,0.0,,,106724,,,HORDS,Hords Limited,0.1,11-05-26 14:08
11-05-26,,,,,,,,0.0,,,0,,,IIL,Industrial Insurance Limited,0.05,11-05-26 14:08
11-05-26,,,,,,,,0.0,,,51,,,MAC,Mega African Capital Limited,5.2,11-05-26 14:08
11-05-26,,,,,,,,0.0,,,1,,,MMH,Meridian-Marshalls Holdings,0.1,11-05-26 14:08
11-05-26,,,,,,,,17.0,,,278663,,,MTNGH,MTN Ghana,6.7,11-05-26 14:08
11-05-26,,,,,,,,-3.0,,,4913,,,RBGH,Republic Bank (Ghana) PLC,5.5,11-05-26 14:08
11-05-26,,,,,,,,0.0,,,0,,,SAMBA,Kasapreko Company Limited,0.55,11-05-26 14:08
11-05-26,,,,,,,,0.0,,,60,,,SCB,Standard Chartered Bank Ghana Ltd,71.38,11-05-26 14:08
11-05-26,,,,,,,,0.0,,,336,,,SCBPREF,SCBPREF,0.9,11-05-26 14:08
11-05-26,,,,,,,,-6.0,,,17658,,,SIC,SIC Insurance Company Limited,5.95,11-05-26 14:08
11-05-26,,,,,,,,0.0,,,13216,,,SOGEGH,Societe Generale Ghana Limited,6.39,11-05-26 14:08
11-05-26,,,,,,,,0.0,,,0,,,TBL,Trust Bank Limited (The Gambia),1.2,11-05-26 14:08
11-05-26,,,,,,,,0.0,,,0,,,TLW,Tullow Oil Plc,11.92,11-05-26 14:08
11-05-26,,,,,,,,0.0,,,6437,,,TOTAL,TotalEnergies Ghana PLC,36.49,11-05-26 14:08
11-05-26,,,,,,,,0.0,,,436,,,UNIL,Unilever Ghana PLC,30.0,11-05-26 14:08
11-05-26,,,,,,,,11.0,,,10000,,,ZEN,Zen Petroleum Limited,7.47,11-05-26 14:08
12-05-26,,,,,,,,0.0,,,0,,,AADS,Dannex Ayrton Starwin Plc,0.42,12-05-26 15:38
12-05-26,,,,,,,,0.0,,,486,,,ACCESS,Access Bank Ghana Plc,30.6,12-05-26 15:38
12-05-26,,,,,,,,0.0,,,9,,,ADB,Agricultural Development Bank,5.3,12-05-26 15:38
12-05-26,,,,,,,,0.0,,,0,,,AGA,AngloGold Ashanti Plc,37.0,12-05-26 15:38
12-05-26,,,,,,,,0.0,,,8805,,,ALLGH,Atlantic Lithium Limited,8.46,12-05-26 15:38
12-05-26,,,,,,,,0.0,,,18,,,ASG,Asante Gold Corporation,8.89,12-05-26 15:38
12-05-26,,,,,,,,0.0,,,251,,,BOPP,Benso Oil Palm Plantation Ltd,85.5,12-05-26 15:38
12-05-26,,,,,,,,-0.01,,,123184,,,CAL,CalBank PLC,0.8,12-05-26 15:38
12-05-26,,,,,,,,0.16,,,3100,,,CLYD,Clydestone (Ghana) Limited,1.8,12-05-26 15:38
12-05-26,,,,,,,,0.0,,,0,,,CMLT,Camelot Ghana Ltd,0.14,12-05-26 15:38
12-05-26,,,,,,,,0.0,,,1633,,,CPC,Cocoa Processing Company,0.12,12-05-26 15:38
12-05-26,,,,,,,,0.0,,,320,,,DASPHARMA,Dannex Ayrton Starwin Plc,0.41,12-05-26 15:38
12-05-26,,,,,,,,0.0,,,0,,,DIGICUT,Digicut Ghana Limited,0.09,12-05-26 15:38
12-05-26,,,,,,,,0.0,,,200,,,EGH,Ecobank Ghana PLC,48.85,12-05-26 15:38
12-05-26,,,,,,,,0.0,,,3499,,,EGL,Enterprise Group PLC,10.63,12-05-26 15:38
12-05-26,,,,,,,,-0.14,,,310032,,,ETI,Ecobank Transnational Inc,1.37,12-05-26 15:38
12-05-26,,,,,,,,0.0,,,0,,,FAB,FAB,7.97,12-05-26 15:38
12-05-26,,,,,,,,-0.59,,,3456,,,FML,Fan Milk Limited,13.05,12-05-26 15:38
12-05-26,,,,,,,,-4.0,,,6544,,,GCB,Ghana Commercial Bank Limited,36.0,12-05-26 15:38
12-05-26,,,,,,,,0.0,,,0,,,GGBL,Guinness Ghana Breweries Plc,14.96,12-05-26 15:38
12-05-26,,,,,,,,0.0,,,57,,,GLD,Gold Fields Limited,497.01,12-05-26 15:38
12-05-26,,,,,,,,0.0,,,107,,,GOIL,GOIL PLC,7.95,12-05-26 15:38
12-05-26,,,,,,,,0.0,,,0,,,HORDS,Hords Limited,0.1,12-05-26 15:38
12-05-26,,,,,,,,0.0,,,0,,,IIL,Industrial Insurance Limited,0.05,12-05-26 15:38
12-05-26,,,,,,,,0.0,,,27,,,MAC,Mega African Capital Limited,5.2,12-05-26 15:38
12-05-26,,,,,,,,0.0,,,6,,,MMH,Meridian-Marshalls Holdings,0.1,12-05-26 15:38
12-05-26,,,,,,,,0.07,,,252217,,,MTNGH,MTN Ghana,6.8,12-05-26 15:38
12-05-26,,,,,,,,0.0,,,263,,,RBGH,Republic Bank (Ghana) PLC,5.5,12-05-26 15:38
12-05-26,,,,,,,,0.0,,,0,,,SAMBA,Kasapreko Company Limited,0.55,12-05-26 15:38
12-05-26,,,,,,,,0.0,,,24,,,SCB,Standard Chartered Bank Ghana Ltd,71.38,12-05-26 15:38
12-05-26,,,,,,,,0.0,,,2564,,,SCBPREF,SCBPREF,0.9,12-05-26 15:38
12-05-26,,,,,,,,-0.03,,,27814,,,SIC,SIC Insurance Company Limited,5.95,12-05-26 15:38
12-05-26,,,,,,,,0.0,,,4576,,,SOGEGH,Societe Generale Ghana Limited,6.39,12-05-26 15:38
12-05-26,,,,,,,,0.0,,,0,,,TBL,Trust Bank Limited (The Gambia),1.2,12-05-26 15:38
12-05-26,,,,,,,,0.0,,,90,,,TLW,Tullow Oil Plc,11.92,12-05-26 15:38
12-05-26,,,,,,,,0.0,,,2620,,,TOTAL,TotalEnergies Ghana PLC,34.89,12-05-26 15:38
12-05-26,,,,,,,,0.0,,,155,,,UNIL,Unilever Ghana PLC,30.0,12-05-26 15:38
12-05-26,,,,,,,,0.08,,,35893,,,ZEN,Zen Petroleum Limited,7.55,12-05-26 15:38
13-05-26,,,,,,,,0.0,,,0,,,AADS,Dannex Ayrton Starwin Plc,0.42,13-05-26 09:15
13-05-26,,,,,,,,0.0,,,0,,,ACCESS,Access Bank Ghana Plc,30.6,13-05-26 09:15
13-05-26,,,,,,,,0.0,,,0,,,ADB,Agricultural Development Bank,5.3,13-05-26 09:15
13-05-26,,,,,,,,0.0,,,0,,,AGA,AngloGold Ashanti Plc,37.0,13-05-26 09:15
13-05-26,,,,,,,,0.0,,,472,,,ALLGH,Atlantic Lithium Limited,8.46,13-05-26 09:15
13-05-26,,,,,,,,0.0,,,0,,,ASG,Asante Gold Corporation,8.89,13-05-26 09:15
13-05-26,,,,,,,,0.0,,,2,,,BOPP,Benso Oil Palm Plantation Ltd,85.5,13-05-26 09:15
13-05-26,,,,,,,,0.0,,,5719,,,CAL,CalBank PLC,0.8,13-05-26 09:15
13-05-26,,,,,,,,0.0,,,0,,,CLYD,Clydestone (Ghana) Limited,1.8,13-05-26 09:15
13-05-26,,,,,,,,0.0,,,0,,,CMLT,Camelot Ghana Ltd,0.14,13-05-26 09:15
13-05-26,,,,,,,,0.0,,,0,,,CPC,Cocoa Processing Company,0.12,13-05-26 09:15
13-05-26,,,,,,,,0.0,,,0,,,DASPHARMA,Dannex Ayrton Starwin Plc,0.41,13-05-26 09:15
13-05-26,,,,,,,,0.0,,,0,,,DIGICUT,Digicut Ghana Limited,0.09,13-05-26 09:15
13-05-26,,,,,,,,0.0,,,0,,,EGH,Ecobank Ghana PLC,48.85,13-05-26 09:15
13-05-26,,,,,,,,0.0,,,1,,,EGL,Enterprise Group PLC,10.64,13-05-26 09:15
13-05-26,,,,,,,,0.0,,,400,,,ETI,Ecobank Transnational Inc,1.37,13-05-26 09:15
13-05-26,,,,,,,,0.0,,,0,,,FAB,FAB,7.97,13-05-26 09:15
13-05-26,,,,,,,,0.0,,,0,,,FML,Fan Milk Limited,13.34,13-05-26 09:15
13-05-26,,,,,,,,0.0,,,82,,,GCB,Ghana Commercial Bank Limited,36.0,13-05-26 09:15
13-05-26,,,,,,,,0.0,,,0,,,GGBL,Guinness Ghana Breweries Plc,14.96,13-05-26 09:15
13-05-26,,,,,,,,0.0,,,0,,,GLD,Gold Fields Limited,497.01,13-05-26 09:15
13-05-26,,,,,,,,0.0,,,0,,,GOIL,GOIL PLC,7.95,13-05-26 09:15
13-05-26,,,,,,,,0.0,,,0,,,HORDS,Hords Limited,0.1,13-05-26 09:15
13-05-26,,,,,,,,0.0,,,0,,,IIL,Industrial Insurance Limited,0.05,13-05-26 09:15
13-05-26,,,,,,,,0.0,,,0,,,MAC,Mega African Capital Limited,5.2,13-05-26 09:15
13-05-26,,,,,,,,0.0,,,0,,,MMH,Meridian-Marshalls Holdings,0.1,13-05-26 09:15
13-05-26,,,,6.8,,,,9.0,,,1756,,,MTNGH,MTN Ghana,6.8,13-05-26 09:15
13-05-26,,,,,,,,0.0,,,0,,,RBGH,Republic Bank (Ghana) PLC,5.5,13-05-26 09:15
13-05-26,,,,,,,,0.0,,,0,,,SAMBA,Kasapreko Company Limited,0.55,13-05-26 09:15
13-05-26,,,,,,,,0.0,,,0,,,SCB,Standard Chartered Bank Ghana Ltd,71.38,13-05-26 09:15
13-05-26,,,,,,,,0.0,,,0,,,SCBPREF,SCBPREF,0.9,13-05-26 09:15
13-05-26,,,,,,,,0.0,,,837,,,SIC,SIC Insurance Company Limited,5.95,13-05-26 09:15
13-05-26,,,,,,,,0.0,,,0,,,SOGEGH,Societe Generale Ghana Limited,6.39,13-05-26 09:15
13-05-26,,,,,,,,0.0,,,0,,,TBL,Trust Bank Limited (The Gambia),1.2,13-05-26 09:15
13-05-26,,,,,,,,0.0,,,0,,,TLW,Tullow Oil Plc,11.92,13-05-26 09:15
13-05-26,,,,,,,,0.0,,,0,,,TOTAL,TotalEnergies Ghana PLC,34.89,13-05-26 09:15
13-05-26,,,,,,,,0.0,,,0,,,UNIL,Unilever Ghana PLC,30.0,13-05-26 09:15
13-05-26,,,,,,,,0.0,,,0,,,ZEN,Zen Petroleum Limited,7.55,13-05-26 09:15
2026-05-13,,,,,,,,0.0,,,0,,,AADS,Dannex Ayrton Starwin Plc,0.42,2026-05-13 09:42:39
2026-05-13,,,,,,,,0.0,,,0,,,ACCESS,Access Bank Ghana Plc,30.6,2026-05-13 09:42:39
2026-05-13,,,,,,,,0.0,,,0,,,ADB,Agricultural Development Bank,5.3,2026-05-13 09:42:39
2026-05-13,,,,,,,,0.0,,,0,,,AGA,AngloGold Ashanti Plc,37.0,2026-05-13 09:42:39
2026-05-13,,,,,,,,0.0,,,472,,,ALLGH,Atlantic Lithium Limited,8.46,2026-05-13 09:42:39
2026-05-13,,,,,,,,0.0,,,0,,,ASG,Asante Gold Corporation,8.89,2026-05-13 09:42:39
2026-05-13,,,,,,,,0.0,,,2,,,BOPP,Benso Oil Palm Plantation Ltd,85.5,2026-05-13 09:42:39
2026-05-13,,,,,,,,0.0,,,5719,,,CAL,CalBank PLC,0.8,2026-05-13 09:42:39
2026-05-13,,,,,,,,0.0,,,0,,,CLYD,Clydestone (Ghana) Limited,1.8,2026-05-13 09:42:39
2026-05-13,,,,,,,,0.0,,,0,,,CMLT,Camelot Ghana Ltd,0.14,2026-05-13 09:42:39
2026-05-13,,,,,,,,0.0,,,0,,,CPC,Cocoa Processing Company,0.12,2026-05-13 09:42:39
2026-05-13,,,,,,,,0.0,,,0,,,DASPHARMA,Dannex Ayrton Starwin Plc,0.41,2026-05-13 09:42:39
2026-05-13,,,,,,,,0.0,,,0,,,DIGICUT,Digicut Ghana Limited,0.09,2026-05-13 09:42:39
2026-05-13,,,,,,,,0.0,,,0,,,EGH,Ecobank Ghana PLC,48.85,2026-05-13 09:42:39
2026-05-13,,,,,,,,0.0,,,1,,,EGL,Enterprise Group PLC,10.64,2026-05-13 09:42:39
2026-05-13,,,,,,,,0.0,,,400,,,ETI,Ecobank Transnational Inc,1.37,2026-05-13 09:42:39
2026-05-13,,,,,,,,0.0,,,0,,,FAB,FAB,7.97,2026-05-13 09:42:39
2026-05-13,,,,,,,,0.0,,,0,,,FML,Fan Milk Limited,13.34,2026-05-13 09:42:39
2026-05-13,,,,,,,,0.0,,,82,,,GCB,Ghana Commercial Bank Limited,36.0,2026-05-13 09:42:39
2026-05-13,,,,,,,,0.0,,,0,,,GGBL,Guinness Ghana Breweries Plc,14.96,2026-05-13 09:42:39
2026-05-13,,,,,,,,0.0,,,0,,,GLD,Gold Fields Limited,497.01,2026-05-13 09:42:39
2026-05-13,,,,,,,,0.0,,,0,,,GOIL,GOIL PLC,7.95,2026-05-13 09:42:39
2026-05-13,,,,,,,,0.0,,,0,,,HORDS,Hords Limited,0.1,2026-05-13 09:42:39
2026-05-13,,,,,,,,0.0,,,0,,,IIL,Industrial Insurance Limited,0.05,2026-05-13 09:42:39
2026-05-13,,,,,,,,0.0,,,0,,,MAC,Mega African Capital Limited,5.2,2026-05-13 09:42:39
2026-05-13,,,,,,,,0.0,,,0,,,MMH,Meridian-Marshalls Holdings,0.1,2026-05-13 09:42:39
2026-05-13,,,,,,,,132.35,,,1756,,,MTNGH,MTN Ghana,6.8,2026-05-13 09:42:39
2026-05-13,,,,,,,,0.0,,,0,,,RBGH,Republic Bank (Ghana) PLC,5.5,2026-05-13 09:42:39
2026-05-13,,,,,,,,0.0,,,0,,,SAMBA,Kasapreko Company Limited,0.55,2026-05-13 09:42:39
2026-05-13,,,,,,,,0.0,,,0,,,SCB,Standard Chartered Bank Ghana Ltd,71.38,2026-05-13 09:42:39
2026-05-13,,,,,,,,0.0,,,0,,,SCBPREF,SCBPREF,0.9,2026-05-13 09:42:39
2026-05-13,,,,,,,,0.0,,,837,,,SIC,SIC Insurance Company Limited,5.95,2026-05-13 09:42:39
2026-05-13,,,,,,,,0.0,,,0,,,SOGEGH,Societe Generale Ghana Limited,6.39,2026-05-13 09:42:39
2026-05-13,,,,,,,,0.0,,,0,,,TBL,Trust Bank Limited (The Gambia),1.2,2026-05-13 09:42:39
2026-05-13,,,,,,,,0.0,,,0,,,TLW,Tullow Oil Plc,11.92,2026-05-13 09:42:39
2026-05-13,,,,,,,,0.0,,,0,,,TOTAL,TotalEnergies Ghana PLC,34.89,2026-05-13 09:42:39
2026-05-13,,,,,,,,0.0,,,0,,,UNIL,Unilever Ghana PLC,30.0,2026-05-13 09:42:39
2026-05-13,,,,,,,,0.0,,,0,,,ZEN,Zen Petroleum Limited,7.55,2026-05-13 09:42:39
